customer_id,segment,segment_label
CID00000001,2,Dormant
CID00000002,3,Balanced
CID00000003,1,Spenders
CID00000004,1,Spenders
CID00000005,2,Dormant
CID00000006,0,Savers
CID00000007,2,Dormant
CID00000008,0,Savers
CID00000009,1,Spenders
CID00000010,1,Spenders
CID00000011,0,Savers
CID00000012,0,Savers
CID00000013,2,Dormant
CID00000014,1,Spenders
CID00000015,2,Dormant
CID00000016,0,Savers
CID00000017,0,Savers
CID00000018,1,Spenders
CID00000019,0,Savers
CID00000020,0,Savers
CID00000021,2,Dormant
CID00000022,3,Balanced
CID00000023,3,Balanced
CID00000024,2,Dormant
CID00000025,2,Dormant
CID00000026,1,Spenders
CID00000027,3,Balanced
CID00000028,0,Savers
CID00000029,2,Dormant
CID00000030,0,Savers
CID00000031,3,Balanced
CID00000032,2,Dormant
CID00000033,1,Spenders
CID00000034,0,Savers
CID00000035,1,Spenders
CID00000036,1,Spenders
CID00000037,2,Dormant
CID00000038,3,Balanced
CID00000039,2,Dormant
CID00000040,1,Spenders
CID00000041,1,Spenders
CID00000042,1,Spenders
CID00000043,2,Dormant
CID00000044,1,Spenders
CID00000045,2,Dormant
CID00000046,1,Spenders
CID00000047,1,Spenders
CID00000048,1,Spenders
CID00000049,1,Spenders
CID00000050,0,Savers
CID00000051,2,Dormant
CID00000052,0,Savers
CID00000053,0,Savers
CID00000054,2,Dormant
CID00000055,0,Savers
CID00000056,3,Balanced
CID00000057,0,Savers
CID00000058,0,Savers
CID00000059,0,Savers
CID00000060,2,Dormant
CID00000061,3,Balanced
CID00000062,3,Balanced
CID00000063,3,Balanced
CID00000064,2,Dormant
CID00000065,1,Spenders
CID00000066,2,Dormant
CID00000067,3,Balanced
CID00000068,1,Spenders
CID00000069,1,Spenders
CID00000070,1,Spenders
CID00000071,0,Savers
CID00000072,3,Balanced
CID00000073,0,Savers
CID00000074,2,Dormant
CID00000075,1,Spenders
CID00000076,2,Dormant
CID00000077,2,Dormant
CID00000078,1,Spenders
CID00000079,2,Dormant
CID00000080,2,Dormant
CID00000081,2,Dormant
CID00000082,0,Savers
CID00000083,2,Dormant
CID00000084,0,Savers
CID00000085,3,Balanced
CID00000086,3,Balanced
CID00000087,0,Savers
CID00000088,3,Balanced
CID00000089,3,Balanced
CID00000090,2,Dormant
CID00000091,0,Savers
CID00000092,0,Savers
CID00000093,2,Dormant
CID00000094,0,Savers
CID00000095,0,Savers
CID00000096,1,Spenders
CID00000097,2,Dormant
CID00000098,3,Balanced
CID00000099,2,Dormant
CID00000100,2,Dormant
CID00000101,0,Savers
CID00000102,2,Dormant
CID00000103,2,Dormant
CID00000104,3,Balanced
CID00000105,1,Spenders
CID00000106,2,Dormant
CID00000107,2,Dormant
CID00000108,1,Spenders
CID00000109,2,Dormant
CID00000110,1,Spenders
CID00000111,2,Dormant
CID00000112,1,Spenders
CID00000113,1,Spenders
CID00000114,2,Dormant
CID00000115,0,Savers
CID00000116,2,Dormant
CID00000117,0,Savers
CID00000118,2,Dormant
CID00000119,0,Savers
CID00000120,0,Savers
CID00000121,1,Spenders
CID00000122,1,Spenders
CID00000123,1,Spenders
CID00000124,1,Spenders
CID00000125,2,Dormant
CID00000126,2,Dormant
CID00000127,3,Balanced
CID00000128,1,Spenders
CID00000129,1,Spenders
CID00000130,1,Spenders
CID00000131,3,Balanced
CID00000132,0,Savers
CID00000133,3,Balanced
CID00000134,3,Balanced
CID00000135,2,Dormant
CID00000136,3,Balanced
CID00000137,2,Dormant
CID00000138,1,Spenders
CID00000139,1,Spenders
CID00000140,1,Spenders
CID00000141,2,Dormant
CID00000142,0,Savers
CID00000143,3,Balanced
CID00000144,0,Savers
CID00000145,3,Balanced
CID00000146,0,Savers
CID00000147,0,Savers
CID00000148,1,Spenders
CID00000149,0,Savers
CID00000150,2,Dormant
CID00000151,3,Balanced
CID00000152,1,Spenders
CID00000153,2,Dormant
CID00000154,1,Spenders
CID00000155,0,Savers
CID00000156,2,Dormant
CID00000157,2,Dormant
CID00000158,1,Spenders
CID00000159,0,Savers
CID00000160,0,Savers
CID00000161,3,Balanced
CID00000162,0,Savers
CID00000163,1,Spenders
CID00000164,1,Spenders
CID00000165,3,Balanced
CID00000166,0,Savers
CID00000167,1,Spenders
CID00000168,0,Savers
CID00000169,0,Savers
CID00000170,1,Spenders
CID00000171,0,Savers
CID00000172,0,Savers
CID00000173,0,Savers
CID00000174,0,Savers
CID00000175,1,Spenders
CID00000176,1,Spenders
CID00000177,0,Savers
CID00000178,0,Savers
CID00000179,0,Savers
CID00000180,2,Dormant
CID00000181,3,Balanced
CID00000182,2,Dormant
CID00000183,2,Dormant
CID00000184,0,Savers
CID00000185,1,Spenders
CID00000186,1,Spenders
CID00000187,1,Spenders
CID00000188,2,Dormant
CID00000189,2,Dormant
CID00000190,2,Dormant
CID00000191,1,Spenders
CID00000192,2,Dormant
CID00000193,0,Savers
CID00000194,1,Spenders
CID00000195,2,Dormant
CID00000196,3,Balanced
CID00000197,0,Savers
CID00000198,1,Spenders
CID00000199,3,Balanced
CID00000200,1,Spenders
CID00000201,0,Savers
CID00000202,0,Savers
CID00000203,3,Balanced
CID00000204,2,Dormant
CID00000205,1,Spenders
CID00000206,2,Dormant
CID00000207,2,Dormant
CID00000208,0,Savers
CID00000209,2,Dormant
CID00000210,1,Spenders
CID00000211,1,Spenders
CID00000212,0,Savers
CID00000213,0,Savers
CID00000214,2,Dormant
CID00000215,0,Savers
CID00000216,2,Dormant
CID00000217,1,Spenders
CID00000218,2,Dormant
CID00000219,2,Dormant
CID00000220,0,Savers
CID00000221,1,Spenders
CID00000222,1,Spenders
CID00000223,2,Dormant
CID00000224,1,Spenders
CID00000225,1,Spenders
CID00000226,3,Balanced
CID00000227,2,Dormant
CID00000228,1,Spenders
CID00000229,2,Dormant
CID00000230,2,Dormant
CID00000231,3,Balanced
CID00000232,2,Dormant
CID00000233,2,Dormant
CID00000234,0,Savers
CID00000235,1,Spenders
CID00000236,3,Balanced
CID00000237,3,Balanced
CID00000238,2,Dormant
CID00000239,1,Spenders
CID00000240,1,Spenders
CID00000241,1,Spenders
CID00000242,0,Savers
CID00000243,2,Dormant
CID00000244,2,Dormant
CID00000245,0,Savers
CID00000246,0,Savers
CID00000247,0,Savers
CID00000248,2,Dormant
CID00000249,2,Dormant
CID00000250,1,Spenders
CID00000251,1,Spenders
CID00000252,0,Savers
CID00000253,0,Savers
CID00000254,0,Savers
CID00000255,2,Dormant
CID00000256,2,Dormant
CID00000257,0,Savers
CID00000258,1,Spenders
CID00000259,2,Dormant
CID00000260,0,Savers
CID00000261,0,Savers
CID00000262,1,Spenders
CID00000263,0,Savers
CID00000264,0,Savers
CID00000265,2,Dormant
CID00000266,0,Savers
CID00000267,2,Dormant
CID00000268,0,Savers
CID00000269,1,Spenders
CID00000270,1,Spenders
CID00000271,0,Savers
CID00000272,0,Savers
CID00000273,0,Savers
CID00000274,3,Balanced
CID00000275,0,Savers
CID00000276,3,Balanced
CID00000277,1,Spenders
CID00000278,3,Balanced
CID00000279,2,Dormant
CID00000280,0,Savers
CID00000281,0,Savers
CID00000282,0,Savers
CID00000283,2,Dormant
CID00000284,0,Savers
CID00000285,0,Savers
CID00000286,0,Savers
CID00000287,0,Savers
CID00000288,0,Savers
CID00000289,0,Savers
CID00000290,1,Spenders
CID00000291,3,Balanced
CID00000292,3,Balanced
CID00000293,1,Spenders
CID00000294,2,Dormant
CID00000295,3,Balanced
CID00000296,0,Savers
CID00000297,0,Savers
CID00000298,0,Savers
CID00000299,1,Spenders
CID00000300,0,Savers
CID00000301,2,Dormant
CID00000302,0,Savers
CID00000303,2,Dormant
CID00000304,0,Savers
CID00000305,2,Dormant
CID00000306,0,Savers
CID00000307,3,Balanced
CID00000308,0,Savers
CID00000309,0,Savers
CID00000310,2,Dormant
CID00000311,1,Spenders
CID00000312,1,Spenders
CID00000313,3,Balanced
CID00000314,1,Spenders
CID00000315,1,Spenders
CID00000316,2,Dormant
CID00000317,3,Balanced
CID00000318,2,Dormant
CID00000319,3,Balanced
CID00000320,0,Savers
CID00000321,1,Spenders
CID00000322,1,Spenders
CID00000323,3,Balanced
CID00000324,0,Savers
CID00000325,2,Dormant
CID00000326,0,Savers
CID00000327,1,Spenders
CID00000328,0,Savers
CID00000329,0,Savers
CID00000330,1,Spenders
CID00000331,0,Savers
CID00000332,2,Dormant
CID00000333,0,Savers
CID00000334,0,Savers
CID00000335,0,Savers
CID00000336,3,Balanced
CID00000337,2,Dormant
CID00000338,0,Savers
CID00000339,1,Spenders
CID00000340,1,Spenders
CID00000341,2,Dormant
CID00000342,2,Dormant
CID00000343,3,Balanced
CID00000344,0,Savers
CID00000345,1,Spenders
CID00000346,2,Dormant
CID00000347,2,Dormant
CID00000348,3,Balanced
CID00000349,0,Savers
CID00000350,1,Spenders
CID00000351,1,Spenders
CID00000352,1,Spenders
CID00000353,3,Balanced
CID00000354,2,Dormant
CID00000355,0,Savers
CID00000356,3,Balanced
CID00000357,3,Balanced
CID00000358,2,Dormant
CID00000359,2,Dormant
CID00000360,0,Savers
CID00000361,0,Savers
CID00000362,1,Spenders
CID00000363,1,Spenders
CID00000364,2,Dormant
CID00000365,2,Dormant
CID00000366,0,Savers
CID00000367,0,Savers
CID00000368,3,Balanced
CID00000369,0,Savers
CID00000370,1,Spenders
CID00000371,0,Savers
CID00000372,0,Savers
CID00000373,3,Balanced
CID00000374,2,Dormant
CID00000375,0,Savers
CID00000376,1,Spenders
CID00000377,0,Savers
CID00000378,2,Dormant
CID00000379,0,Savers
CID00000380,0,Savers
CID00000381,2,Dormant
CID00000382,0,Savers
CID00000383,2,Dormant
CID00000384,0,Savers
CID00000385,2,Dormant
CID00000386,1,Spenders
CID00000387,3,Balanced
CID00000388,2,Dormant
CID00000389,1,Spenders
CID00000390,3,Balanced
CID00000391,2,Dormant
CID00000392,0,Savers
CID00000393,0,Savers
CID00000394,0,Savers
CID00000395,0,Savers
CID00000396,1,Spenders
CID00000397,2,Dormant
CID00000398,0,Savers
CID00000399,3,Balanced
CID00000400,0,Savers
CID00000401,0,Savers
CID00000402,1,Spenders
CID00000403,0,Savers
CID00000404,0,Savers
CID00000405,2,Dormant
CID00000406,0,Savers
CID00000407,0,Savers
CID00000408,3,Balanced
CID00000409,3,Balanced
CID00000410,0,Savers
CID00000411,1,Spenders
CID00000412,2,Dormant
CID00000413,0,Savers
CID00000414,0,Savers
CID00000415,0,Savers
CID00000416,0,Savers
CID00000417,1,Spenders
CID00000418,2,Dormant
CID00000419,0,Savers
CID00000420,0,Savers
CID00000421,2,Dormant
CID00000422,3,Balanced
CID00000423,0,Savers
CID00000424,2,Dormant
CID00000425,2,Dormant
CID00000426,1,Spenders
CID00000427,3,Balanced
CID00000428,3,Balanced
CID00000429,1,Spenders
CID00000430,0,Savers
CID00000431,2,Dormant
CID00000432,1,Spenders
CID00000433,0,Savers
CID00000434,0,Savers
CID00000435,2,Dormant
CID00000436,1,Spenders
CID00000437,3,Balanced
CID00000438,3,Balanced
CID00000439,0,Savers
CID00000440,0,Savers
CID00000441,0,Savers
CID00000442,2,Dormant
CID00000443,1,Spenders
CID00000444,1,Spenders
CID00000445,1,Spenders
CID00000446,2,Dormant
CID00000447,0,Savers
CID00000448,0,Savers
CID00000449,3,Balanced
CID00000450,2,Dormant
CID00000451,1,Spenders
CID00000452,3,Balanced
CID00000453,2,Dormant
CID00000454,1,Spenders
CID00000455,0,Savers
CID00000456,2,Dormant
CID00000457,0,Savers
CID00000458,1,Spenders
CID00000459,3,Balanced
CID00000460,2,Dormant
CID00000461,3,Balanced
CID00000462,0,Savers
CID00000463,1,Spenders
CID00000464,2,Dormant
CID00000465,3,Balanced
CID00000466,0,Savers
CID00000467,0,Savers
CID00000468,3,Balanced
CID00000469,3,Balanced
CID00000470,2,Dormant
CID00000471,1,Spenders
CID00000472,1,Spenders
CID00000473,3,Balanced
CID00000474,1,Spenders
CID00000475,0,Savers
CID00000476,2,Dormant
CID00000477,1,Spenders
CID00000478,1,Spenders
CID00000479,3,Balanced
CID00000480,2,Dormant
CID00000481,3,Balanced
CID00000482,1,Spenders
CID00000483,0,Savers
CID00000484,1,Spenders
CID00000485,2,Dormant
CID00000486,1,Spenders
CID00000487,0,Savers
CID00000488,2,Dormant
CID00000489,3,Balanced
CID00000490,0,Savers
CID00000491,3,Balanced
CID00000492,1,Spenders
CID00000493,1,Spenders
CID00000494,0,Savers
CID00000495,3,Balanced
CID00000496,1,Spenders
CID00000497,1,Spenders
CID00000498,0,Savers
CID00000499,2,Dormant
CID00000500,3,Balanced
CID00000501,0,Savers
CID00000502,2,Dormant
CID00000503,1,Spenders
CID00000504,1,Spenders
CID00000505,1,Spenders
CID00000506,0,Savers
CID00000507,1,Spenders
CID00000508,2,Dormant
CID00000509,0,Savers
CID00000510,1,Spenders
CID00000511,0,Savers
CID00000512,3,Balanced
CID00000513,0,Savers
CID00000514,1,Spenders
CID00000515,1,Spenders
CID00000516,1,Spenders
CID00000517,0,Savers
CID00000518,2,Dormant
CID00000519,2,Dormant
CID00000520,1,Spenders
CID00000521,3,Balanced
CID00000522,3,Balanced
CID00000523,0,Savers
CID00000524,1,Spenders
CID00000525,0,Savers
CID00000526,0,Savers
CID00000527,1,Spenders
CID00000528,2,Dormant
CID00000529,1,Spenders
CID00000530,2,Dormant
CID00000531,2,Dormant
CID00000532,0,Savers
CID00000533,1,Spenders
CID00000534,1,Spenders
CID00000535,0,Savers
CID00000536,3,Balanced
CID00000537,0,Savers
CID00000538,2,Dormant
CID00000539,0,Savers
CID00000540,1,Spenders
CID00000541,0,Savers
CID00000542,2,Dormant
CID00000543,1,Spenders
CID00000544,0,Savers
CID00000545,3,Balanced
CID00000546,1,Spenders
CID00000547,3,Balanced
CID00000548,1,Spenders
CID00000549,1,Spenders
CID00000550,2,Dormant
CID00000551,0,Savers
CID00000552,3,Balanced
CID00000553,3,Balanced
CID00000554,0,Savers
CID00000555,1,Spenders
CID00000556,0,Savers
CID00000557,2,Dormant
CID00000558,1,Spenders
CID00000559,0,Savers
CID00000560,0,Savers
CID00000561,0,Savers
CID00000562,0,Savers
CID00000563,1,Spenders
CID00000564,0,Savers
CID00000565,2,Dormant
CID00000566,2,Dormant
CID00000567,1,Spenders
CID00000568,0,Savers
CID00000569,3,Balanced
CID00000570,1,Spenders
CID00000571,1,Spenders
CID00000572,0,Savers
CID00000573,2,Dormant
CID00000574,2,Dormant
CID00000575,2,Dormant
CID00000576,3,Balanced
CID00000577,3,Balanced
CID00000578,1,Spenders
CID00000579,3,Balanced
CID00000580,1,Spenders
CID00000581,0,Savers
CID00000582,1,Spenders
CID00000583,2,Dormant
CID00000584,2,Dormant
CID00000585,0,Savers
CID00000586,3,Balanced
CID00000587,2,Dormant
CID00000588,2,Dormant
CID00000589,0,Savers
CID00000590,1,Spenders
CID00000591,3,Balanced
CID00000592,1,Spenders
CID00000593,0,Savers
CID00000594,2,Dormant
CID00000595,0,Savers
CID00000596,1,Spenders
CID00000597,2,Dormant
CID00000598,0,Savers
CID00000599,1,Spenders
CID00000600,1,Spenders
CID00000601,1,Spenders
CID00000602,0,Savers
CID00000603,2,Dormant
CID00000604,2,Dormant
CID00000605,2,Dormant
CID00000606,0,Savers
CID00000607,1,Spenders
CID00000608,2,Dormant
CID00000609,0,Savers
CID00000610,0,Savers
CID00000611,3,Balanced
CID00000612,2,Dormant
CID00000613,1,Spenders
CID00000614,1,Spenders
CID00000615,1,Spenders
CID00000616,0,Savers
CID00000617,1,Spenders
CID00000618,3,Balanced
CID00000619,1,Spenders
CID00000620,1,Spenders
CID00000621,1,Spenders
CID00000622,0,Savers
CID00000623,0,Savers
CID00000624,1,Spenders
CID00000625,2,Dormant
CID00000626,2,Dormant
CID00000627,0,Savers
CID00000628,1,Spenders
CID00000629,3,Balanced
CID00000630,3,Balanced
CID00000631,2,Dormant
CID00000632,2,Dormant
CID00000633,0,Savers
CID00000634,1,Spenders
CID00000635,1,Spenders
CID00000636,1,Spenders
CID00000637,0,Savers
CID00000638,3,Balanced
CID00000639,0,Savers
CID00000640,3,Balanced
CID00000641,0,Savers
CID00000642,2,Dormant
CID00000643,2,Dormant
CID00000644,2,Dormant
CID00000645,0,Savers
CID00000646,1,Spenders
CID00000647,3,Balanced
CID00000648,1,Spenders
CID00000649,0,Savers
CID00000650,2,Dormant
CID00000651,0,Savers
CID00000652,2,Dormant
CID00000653,0,Savers
CID00000654,3,Balanced
CID00000655,0,Savers
CID00000656,1,Spenders
CID00000657,1,Spenders
CID00000658,3,Balanced
CID00000659,2,Dormant
CID00000660,2,Dormant
CID00000661,3,Balanced
CID00000662,3,Balanced
CID00000663,2,Dormant
CID00000664,3,Balanced
CID00000665,3,Balanced
CID00000666,2,Dormant
CID00000667,3,Balanced
CID00000668,2,Dormant
CID00000669,0,Savers
CID00000670,2,Dormant
CID00000671,0,Savers
CID00000672,0,Savers
CID00000673,3,Balanced
CID00000674,1,Spenders
CID00000675,2,Dormant
CID00000676,2,Dormant
CID00000677,2,Dormant
CID00000678,2,Dormant
CID00000679,1,Spenders
CID00000680,1,Spenders
CID00000681,1,Spenders
CID00000682,1,Spenders
CID00000683,3,Balanced
CID00000684,2,Dormant
CID00000685,0,Savers
CID00000686,3,Balanced
CID00000687,3,Balanced
CID00000688,0,Savers
CID00000689,3,Balanced
CID00000690,2,Dormant
CID00000691,1,Spenders
CID00000692,2,Dormant
CID00000693,1,Spenders
CID00000694,2,Dormant
CID00000695,2,Dormant
CID00000696,2,Dormant
CID00000697,0,Savers
CID00000698,0,Savers
CID00000699,1,Spenders
CID00000700,1,Spenders
CID00000701,0,Savers
CID00000702,2,Dormant
CID00000703,0,Savers
CID00000704,3,Balanced
CID00000705,2,Dormant
CID00000706,1,Spenders
CID00000707,1,Spenders
CID00000708,0,Savers
CID00000709,0,Savers
CID00000710,1,Spenders
CID00000711,0,Savers
CID00000712,1,Spenders
CID00000713,0,Savers
CID00000714,3,Balanced
CID00000715,1,Spenders
CID00000716,3,Balanced
CID00000717,1,Spenders
CID00000718,2,Dormant
CID00000719,0,Savers
CID00000720,3,Balanced
CID00000721,0,Savers
CID00000722,0,Savers
CID00000723,3,Balanced
CID00000724,0,Savers
CID00000725,2,Dormant
CID00000726,0,Savers
CID00000727,2,Dormant
CID00000728,1,Spenders
CID00000729,0,Savers
CID00000730,2,Dormant
CID00000731,3,Balanced
CID00000732,3,Balanced
CID00000733,2,Dormant
CID00000734,0,Savers
CID00000735,1,Spenders
CID00000736,0,Savers
CID00000737,0,Savers
CID00000738,1,Spenders
CID00000739,0,Savers
CID00000740,0,Savers
CID00000741,2,Dormant
CID00000742,3,Balanced
CID00000743,2,Dormant
CID00000744,0,Savers
CID00000745,1,Spenders
CID00000746,1,Spenders
CID00000747,0,Savers
CID00000748,3,Balanced
CID00000749,0,Savers
CID00000750,1,Spenders
CID00000751,2,Dormant
CID00000752,1,Spenders
CID00000753,3,Balanced
CID00000754,2,Dormant
CID00000755,1,Spenders
CID00000756,0,Savers
CID00000757,2,Dormant
CID00000758,1,Spenders
CID00000759,2,Dormant
CID00000760,3,Balanced
CID00000761,0,Savers
CID00000762,2,Dormant
CID00000763,2,Dormant
CID00000764,0,Savers
CID00000765,0,Savers
CID00000766,0,Savers
CID00000767,1,Spenders
CID00000768,2,Dormant
CID00000769,3,Balanced
CID00000770,1,Spenders
CID00000771,3,Balanced
CID00000772,3,Balanced
CID00000773,0,Savers
CID00000774,0,Savers
CID00000775,1,Spenders
CID00000776,0,Savers
CID00000777,2,Dormant
CID00000778,0,Savers
CID00000779,2,Dormant
CID00000780,2,Dormant
CID00000781,2,Dormant
CID00000782,2,Dormant
CID00000783,1,Spenders
CID00000784,2,Dormant
CID00000785,0,Savers
CID00000786,3,Balanced
CID00000787,0,Savers
CID00000788,2,Dormant
CID00000789,2,Dormant
CID00000790,1,Spenders
CID00000791,0,Savers
CID00000792,1,Spenders
CID00000793,2,Dormant
CID00000794,1,Spenders
CID00000795,2,Dormant
CID00000796,1,Spenders
CID00000797,1,Spenders
CID00000798,0,Savers
CID00000799,1,Spenders
CID00000800,0,Savers
CID00000801,2,Dormant
CID00000802,1,Spenders
CID00000803,1,Spenders
CID00000804,2,Dormant
CID00000805,2,Dormant
CID00000806,2,Dormant
CID00000807,0,Savers
CID00000808,1,Spenders
CID00000809,2,Dormant
CID00000810,0,Savers
CID00000811,0,Savers
CID00000812,1,Spenders
CID00000813,0,Savers
CID00000814,0,Savers
CID00000815,0,Savers
CID00000816,1,Spenders
CID00000817,1,Spenders
CID00000818,3,Balanced
CID00000819,0,Savers
CID00000820,0,Savers
CID00000821,0,Savers
CID00000822,1,Spenders
CID00000823,0,Savers
CID00000824,1,Spenders
CID00000825,2,Dormant
CID00000826,0,Savers
CID00000827,0,Savers
CID00000828,0,Savers
CID00000829,1,Spenders
CID00000830,2,Dormant
CID00000831,0,Savers
CID00000832,1,Spenders
CID00000833,1,Spenders
CID00000834,0,Savers
CID00000835,0,Savers
CID00000836,2,Dormant
CID00000837,2,Dormant
CID00000838,1,Spenders
CID00000839,3,Balanced
CID00000840,0,Savers
CID00000841,1,Spenders
CID00000842,3,Balanced
CID00000843,1,Spenders
CID00000844,2,Dormant
CID00000845,3,Balanced
CID00000846,1,Spenders
CID00000847,2,Dormant
CID00000848,2,Dormant
CID00000849,0,Savers
CID00000850,2,Dormant
CID00000851,2,Dormant
CID00000852,1,Spenders
CID00000853,2,Dormant
CID00000854,2,Dormant
CID00000855,2,Dormant
CID00000856,0,Savers
CID00000857,3,Balanced
CID00000858,1,Spenders
CID00000859,1,Spenders
CID00000860,2,Dormant
CID00000861,2,Dormant
CID00000862,1,Spenders
CID00000863,1,Spenders
CID00000864,3,Balanced
CID00000865,1,Spenders
CID00000866,0,Savers
CID00000867,0,Savers
CID00000868,0,Savers
CID00000869,0,Savers
CID00000870,0,Savers
CID00000871,2,Dormant
CID00000872,1,Spenders
CID00000873,1,Spenders
CID00000874,1,Spenders
CID00000875,1,Spenders
CID00000876,1,Spenders
CID00000877,3,Balanced
CID00000878,0,Savers
CID00000879,0,Savers
CID00000880,2,Dormant
CID00000881,1,Spenders
CID00000882,0,Savers
CID00000883,0,Savers
CID00000884,3,Balanced
CID00000885,3,Balanced
CID00000886,3,Balanced
CID00000887,2,Dormant
CID00000888,0,Savers
CID00000889,2,Dormant
CID00000890,2,Dormant
CID00000891,3,Balanced
CID00000892,2,Dormant
CID00000893,2,Dormant
CID00000894,2,Dormant
CID00000895,0,Savers
CID00000896,0,Savers
CID00000897,0,Savers
CID00000898,0,Savers
CID00000899,3,Balanced
CID00000900,0,Savers
CID00000901,1,Spenders
CID00000902,2,Dormant
CID00000903,1,Spenders
CID00000904,2,Dormant
CID00000905,0,Savers
CID00000906,0,Savers
CID00000907,2,Dormant
CID00000908,2,Dormant
CID00000909,2,Dormant
CID00000910,0,Savers
CID00000911,0,Savers
CID00000912,2,Dormant
CID00000913,2,Dormant
CID00000914,0,Savers
CID00000915,2,Dormant
CID00000916,1,Spenders
CID00000917,2,Dormant
CID00000918,2,Dormant
CID00000919,3,Balanced
CID00000920,2,Dormant
CID00000921,2,Dormant
CID00000922,0,Savers
CID00000923,2,Dormant
CID00000924,0,Savers
CID00000925,1,Spenders
CID00000926,0,Savers
CID00000927,2,Dormant
CID00000928,3,Balanced
CID00000929,2,Dormant
CID00000930,0,Savers
CID00000931,0,Savers
CID00000932,3,Balanced
CID00000933,2,Dormant
CID00000934,2,Dormant
CID00000935,1,Spenders
CID00000936,2,Dormant
CID00000937,1,Spenders
CID00000938,3,Balanced
CID00000939,2,Dormant
CID00000940,3,Balanced
CID00000941,0,Savers
CID00000942,0,Savers
CID00000943,3,Balanced
CID00000944,2,Dormant
CID00000945,2,Dormant
CID00000946,3,Balanced
CID00000947,2,Dormant
CID00000948,0,Savers
CID00000949,2,Dormant
CID00000950,0,Savers
CID00000951,2,Dormant
CID00000952,1,Spenders
CID00000953,0,Savers
CID00000954,0,Savers
CID00000955,2,Dormant
CID00000956,0,Savers
CID00000957,0,Savers
CID00000958,0,Savers
CID00000959,0,Savers
CID00000960,1,Spenders
CID00000961,3,Balanced
CID00000962,1,Spenders
CID00000963,0,Savers
CID00000964,1,Spenders
CID00000965,1,Spenders
CID00000966,2,Dormant
CID00000967,0,Savers
CID00000968,2,Dormant
CID00000969,1,Spenders
CID00000970,3,Balanced
CID00000971,2,Dormant
CID00000972,0,Savers
CID00000973,0,Savers
CID00000974,2,Dormant
CID00000975,0,Savers
CID00000976,1,Spenders
CID00000977,0,Savers
CID00000978,0,Savers
CID00000979,3,Balanced
CID00000980,0,Savers
CID00000981,2,Dormant
CID00000982,0,Savers
CID00000983,3,Balanced
CID00000984,1,Spenders
CID00000985,0,Savers
CID00000986,0,Savers
CID00000987,0,Savers
CID00000988,0,Savers
CID00000989,1,Spenders
CID00000990,0,Savers
CID00000991,3,Balanced
CID00000992,0,Savers
CID00000993,2,Dormant
CID00000994,2,Dormant
CID00000995,0,Savers
CID00000996,0,Savers
CID00000997,0,Savers
CID00000998,2,Dormant
CID00000999,1,Spenders
CID00001000,1,Spenders
